f0,f1,f2,f3,f4,f5,f6,f7,f8,f9,f10,f11,f12,f13,f14,f15,f16,f17,f18,f19,f20,f21,f22,f23,f24,f25,f26,f27,f28,f29,f30,f31,f32,f33,f34,f35,f36,f37,f38,f39,f40,f41,label
0.04967141530112327,-0.013826430117118467,0.06476885381006925,0.15230298564080255,-0.023415337472333597,-0.023413695694918055,0.15792128155073915,0.07674347291529088,-0.04694743859349521,0.05425600435859647,-0.046341769281246226,-0.04657297535702569,0.02419622715660341,-0.1913280244657798,-0.1724917832513033,-0.05622875292409727,-0.10128311203344238,0.03142473325952739,-0.09080240755212111,-0.14123037013352918,0.14656487689215542,-0.02257763004865357,0.006752820468792384,-0.14247481862134567,-0.05443827245251827,0.01109225897098661,-0.11509935774223029,0.0375698018345672,-0.0600638689918805,-0.02916937497932768,-0.060170661222939695,0.18522781845089378,-0.0013497224737933915,-0.10577109289559,0.08225449121031891,-0.12208436499710223,0.020886359500475543,-0.19596701238797756,-0.13281860488984307,0.019686123586912352,0.07384665799954104,0.01713682811899705,0
-0.011564828238824054,-0.03011036955892888,-0.14785219903674274,-0.07198442083947086,-0.046063877095978756,0.10571222262189157,0.03436182895684614,-0.1763040155362734,0.0324083969394795,-0.038508228041631655,-0.06769220003059588,0.06116762888408679,0.1030999522495951,0.09312801191161986,-0.08392175232226386,-0.03092123758512146,0.033126343140356396,0.09755451271223592,-0.047917423784529,-0.01856589766638171,-0.11063349740060283,-0.11962066240806708,0.08125258223941981,0.1356240028570823,-0.007201012158033385,0.10035328978920242,0.036163602504763415,-0.06451197546051243,0.036139560550841394,0.15380365664659693,-0.003582603910995153,0.15646436558140062,-0.26197451040897446,0.08219025043752239,0.008704706823817134,-0.029900735046586788,0.00917607765355023,-0.1987568914600893,-0.021967188783751194,0.035711257151174645,0.14778940447415162,-0.05182702182736474,0
-0.08084936028931877,-0.05017570435845366,0.09154021177020742,0.03287511096596845,-0.05297602037670388,0.05132674331133561,0.009707754934804039,0.09686449905328892,-0.07020530938773524,-0.032766214659776825,-0.03921081531321577,-0.14635149481321186,0.029612027706457607,0.026105527217988936,0.0005113456642460901,-0.023458713337514744,-0.14153707420504144,-0.04206453227653591,-0.03427145165267695,-0.0802277269221619,-0.016128571166600915,0.040405085681453845,0.18861859012105303,0.017457781283183895,0.0257550390722764,-0.0074445915766167105,-0.19187712152990416,-0.002651387544921688,0.006023020994102644,0.24632421124852863,-0.019236096478112252,0.03015473423336125,-0.0034711769705243313,-0.11686780376195322,0.11428228145150206,0.07519330326867742,0.0791031947043047,-0.09093874547947389,0.14027943109360994,-0.1401851062792281,0.05868570938002703,0.21904556258099786,0
-0.09905363251306884,-0.05662977296027719,0.009965136508764122,-0.05034756541161992,-0.15506634310661327,0.006856297480602733,-0.10623037137261049,0.04735924306351816,-0.09194242342338034,0.154993440501754,-0.07832532923362372,-0.03220615162056756,0.08135172173696698,-0.12308643164339553,0.022745993460412943,0.13071427542824282,-0.16074832345612278,0.018463385853230423,0.02598827942484235,0.07818228717773101,-0.1236950710878082,-0.13204566130842763,0.05219415656168977,0.029698467323318607,0.025049285034587667,0.034644820949697584,-0.06800247215784909,0.023225369716100355,0.029307247329868127,-0.07143514180263678,0.18657745111447566,0.04738329209117875,-0.11913034972026487,0.06565536086338297,-0.09746816702273214,0.07870846037424521,0.11585955790074041,-0.08206823183517105,0.09633761292443219,0.041278092693649834,0.082206015999449,0.18967929826539476,0
-0.02453881160028705,-0.07537361643574897,-0.08895144296255234,-0.08158102849654383,-0.007710170941410412,0.034115197481664354,0.027669079933001908,0.08271832490360238,0.001300189187790702,0.1453534077157317,-0.02646568332379561,0.2720169166589619,0.06256673477650063,-0.08571575564162826,-0.10708924980611123,0.04824724152431853,-0.022346278532585084,0.07140004940920919,0.047323762457354486,-0.007282891265687277,-0.0846793718068405,-0.15148472246858646,-0.04465149520670211,0.08563987943234724,0.021409374413020398,-0.12457387787119881,0.0173180925851182,0.03853173797288368,-0.08838574362011331,0.015372510594552791,0.00582087184459999,-0.11429702978306232,0.03577873603482833,0.05607845263682344,0.1083051243175277,0.1053802052034903,-0.13776693679570912,-0.09378250399151228,0.05150352672086598,0.051378595091220884,0.05150476863060478,0.3852731490654721,0
0.0570890510693167,0.1135565640180599,0.09540017634932024,0.0651391251305798,-0.03152692446403456,0.07589692204932673,-0.07728252145375719,-0.02368186067400089,-0.04853635478291035,0.008187413938632256,0.23146585666735087,-0.18672651925917483,0.06862601903745136,-0.1612715871189652,-0.04719318657894336,0.10889505969673663,0.006428001909546278,-0.10777447779293062,-0.07153037092599683,0.06795977489346759,-0.07303666317171367,0.021645858958197487,0.004557183990381377,-0.06516003476058169,0.2143944089325326,0.06339190223180112,-0.20251425866576073,0.018645431476942764,-0.0661786464768388,0.0852433334796224,-0.07925207384327007,-0.011473644146689901,0.050498727898045714,0.08657551941701215,-0.12002964070557763,-0.03345012358409484,-0.04749453111609562,-0.0653329232573712,0.1765454240281097,0.040498171096095555,-0.12608839543350453,0.09178619470547761,0
0.21221561970126335,0.1032465260551147,-0.15193699659540136,-0.04842340728662514,0.12669111491866228,-0.07076694656187808,0.04438194281462285,0.07746340534293368,-0.0926930471578083,-0.005952535606180008,-0.3241267340069073,-0.10243876413342899,-0.025256815139316033,-0.12477831819648495,0.16324113039316354,-0.14301413779606328,-0.04400444866969838,0.013074057728609135,0.14412732890661156,-0.14358621511794395,0.11631637521549597,0.001023306101958705,-0.0981508651047951,0.04621034742632708,0.019905969557347004,-0.06002168771587947,0.006980208499001887,-0.03853135968617599,0.0113517345251248,0.06621306745210463,0.15860168161453522,-0.12378154988268492,0.21330333746562669,-0.1952087799522502,-0.015178509503558325,0.058831720648457625,0.028099186773503274,-0.062269951982059396,-0.020812225035727536,-0.049300093465883314,-0.058936475694421175,0.0849602097021025,0
0.035701548596504734,-0.06929095952606543,0.08995998754332507,0.030729952087660935,0.08128621188389601,0.06296288419236122,-0.08289950109220726,-0.05601810401969697,0.07472936051232619,0.06103702654334649,-0.002090159396414813,0.0117327383308782,0.12776648957884248,-0.059157138883582996,0.054709738117003776,-0.0202192652433894,-0.02176812032272204,0.10987768519871904,0.08254163489880299,0.08135096360006386,0.1305478807154329,0.002100384163275905,0.06819529712949639,-0.031026675659345606,0.032416635248844215,-0.013014305436768459,0.00969959649927182,0.059515702543691366,-0.08182206832334726,0.20923872756854603,-0.1006017381499702,-0.12141886127877322,0.11581108735000678,0.07916626939629359,0.062411981705215516,0.06283455092642799,-0.0012246772846914624,-0.08972543714858316,0.007580455819372634,-0.06771617115121117,0.09751197334177512,-0.014705738150213865,0
-0.08254971967925116,-0.03213858416529935,0.041293145427562454,-0.0563724552803975,-0.08222203955664315,0.02436872114919123,0.024496657110872278,-0.05069431753711298,-0.04710383056183228,0.02320499373576363,-0.1448084341497324,-0.14074637743765553,-0.0718444221252436,-0.021344715171184726,0.03109075655980046,0.1475356216949552,0.08576596232020195,-0.015993852996342713,-0.001901620790268883,-0.10025293646378089,-0.0018513135992389903,-0.028865863892013788,0.03227185603380895,-0.0827230943552323,0.05193465142411723,0.1532738913002578,-0.01087601484568576,0.04017117220989415,0.06901439917111125,-0.04012204718858363,0.022409248181041678,0.0012592400781794861,0.009767609854883173,-0.07730097838554666,0.0024510174258942697,0.04979982912454495,0.14511436077950418,0.09592708260852069,0.21531824575115566,-0.07673475628880495,0.08723206367206782,0.018334200573835176,0
0.21898029332176724,-0.08082982853551515,-0.08397218421807762,-0.05993926454440222,-0.2123895724309807,-0.052575502168076105,-0.07591326615536981,0.015039378647620763,0.034175597577715947,0.18761708392158863,0.09504238381860503,-0.05769036556624031,-0.0898414671348358,0.04919191715065058,-0.1320233207020642,0.18314587658543538,0.1179440120721287,-0.04691756521047048,-0.1713134529090878,0.13538723741654132,-0.01145398452526179,0.12378163119734618,-0.15944276587943673,-0.05993750229537729,0.0005243699718183166,0.004698059376474206,-0.04500654714792437,0.062284993234749876,-0.10676204293825944,-0.01423794850212935,0.012029563171189887,0.051443883405874906,0.07116148780888897,-0.11246420918378691,-0.15341141707356223,0.1277676821898509,0.033231401197959164,-0.07484865365565536,0.1551151975522523,0.011567463429285867,0.11792971840638265,0.006751848141010895,0
0.2060747924881987,0.17553408424432046,-0.02489641484790735,0.09715709509543555,0.06453759495851476,0.13686315575323488,-0.09649234605801045,0.06860514599984394,0.10584244868495879,-0.17587394864231143,-0.11832585126657752,-0.20392321777601008,-0.026940683444455767,0.07175422557959621,0.15023570520960283,0.007409478041977519,0.1628615545571292,-0.13801014582148916,-0.17033824393551547,-0.005554769889661878,0.03840654489393073,-0.0032694748094093114,-0.20674421000398768,-0.00891200395127884,-0.13044695005048532,0.06696725488300385,0.03665982460968483,-0.09398797863273553,-0.05138669173366936,-0.10592135218889516,-0.006267909727317188,0.09551423205012383,-0.09857260463355438,0.050404651551784446,-0.053025761837244084,-0.07928728322623442,-0.010703035995455783,-0.10352423224193741,-0.05536493053471821,-0.11978778925888485,0.19647251329163895,0.0035263551971728615,0
-0.06997255079925854,0.021397991073422197,-0.011232804969082964,-0.02209695995332226,0.061416670004342526,0.07575077100473052,-0.05305011476105275,-0.057581824064468004,-0.027505169715164403,-0.2301921164735585,-0.1515191062198552,0.13668742674445244,0.16449677135012838,-0.024903603955637833,0.05765569630557665,0.031125015454353613,0.30788808084552377,0.11195749114345768,-0.012791759148076655,-0.09555404406004259,-0.16064463202575727,0.020346363586722312,-0.07563507452843034,-0.14222537095976742,-0.06465728842425267,-0.10815480036143953,0.1687141635072565,0.08816397569494505,-0.0007972641316617376,0.14799441388900264,0.00773683076476183,-0.08612842013282637,0.15231240772696575,0.05389100436846587,-0.10372461543264565,-0.01903386780836082,-0.08756182533847574,-0.13827997309643364,0.09261775475316414,0.19094166404701307,-0.13985675738191414,0.056296923669057086,0
-0.06506425691218272,-0.048712538376469626,-0.05923939242388692,-0.0863990769679816,0.004852162794482699,-0.08309501164110378,0.027045682577983884,-0.005023810944913696,-0.023894804686640975,-0.09075636620415979,-0.05767713305683328,0.07553912258257561,0.05009171876243808,-0.09775552447985511,0.009933230542922588,0.0751387123371789,-0.1669405281121372,0.054336019237993506,-0.06626237589458467,0.05705986685931594,-0.07632591565425169,-0.1804882100664519,-0.16275424378831627,0.0048084946661382,0.025972250172148187,-0.09043166251044087,0.06385924587773739,-0.166152006226896,-0.006607979864731658,-0.12110161997624565,-0.06518361078021592,0.004739867131641402,-0.08604133652839524,-0.03845555442298254,0.10062928092144406,-0.057689186952314876,0.08356921120651419,-0.11297068546576182,0.05298041779152828,0.14415686206579004,-0.24716445001272894,-0.07968952554704768,0
0.057707212718054006,-0.02030453860429927,0.03711458733713088,-0.06039851867158206,0.008658978747289992,-0.015567723539207948,0.11677820616598074,0.025442084330121312,0.03376026620752022,-0.04118769661224674,-0.048760622407249356,-0.043255818781962094,0.039445214237829686,-0.0420984480820263,0.028977485689641286,0.20754007986454384,0.08711247034316924,-0.03260235321678411,0.12012139221639449,-0.04080753730215514,-0.2038124535177854,-0.10080863109174042,-0.18707919210258558,-0.03515134840413087,0.00184183791895517,0.1676437312275283,0.032692737376416266,-0.021910052880886426,0.08294055811834893,-0.22111353090078853,0.023561455810856596,0.07708651938869669,-0.14785862457798415,0.11437540432069292,0.03384964074944141,-0.04152879139008013,0.06327818661062849,0.2270692857804396,0.018186625505849516,0.02482205863003361,-0.045936089954024414,-0.08498443694647918,0
0.08303358165442457,-0.08560838259088673,0.007156623721939247,-0.04776574467651167,0.0478979825746392,0.033366210528694845,0.10375399442578995,-0.051001639885474716,-0.026987493529337128,-0.09787637157823074,-0.04442932600761114,0.0377300493044852,0.0756988616645352,-0.09221653241776255,0.08696059201056602,0.13556378588049509,0.041343490322370086,0.1876795812558066,-0.07737891991035731,-0.1244654703311417,-0.17787202489042786,0.1496044311489183,0.06543656563540577,-0.005558467091045507,0.02799686263198203,-0.11254890472983765,0.24457519796168264,0.012922118197522751,0.010939479460489294,0.07257666238986923,0.048100923173671324,0.022388402427913137,-0.07904744554453119,0.04714683571359957,0.18820244964750338,0.13454200461549778,0.15931866266393974,-0.05112156764311853,-0.0989604820258581,-0.012578692009964816,0.0055724912288694604,0.10941915184709486,0
-0.16924646297148194,0.1529550319460614,-0.015800789857898942,-0.04268810699474201,-0.10121043752601677,-0.16548566718657698,0.08231705839619147,0.007331796718840389,-0.1289960899741054,-0.12950787720636162,-0.033578469929012825,0.1669021525289393,-0.02595913513636048,-0.15031429531181062,-0.02457430640859441,-0.02727235697476702,-0.26968866429415717,-0.005429486651781221,-0.023093453020867797,0.06962063648134184,0.18489560949453454,0.11265650295477575,-0.02688886905548305,-0.11065259087416701,0.25733598032498606,0.005921843401448826,0.0013929291912946203,-0.002412508711000328,0.019808476076785535,-0.014436041192394276,-0.05736620068802363,-0.054685894124039215,-0.003275327021599839,-0.0543424771133765,-0.07128457826771643,0.010643022769189684,-0.025497721742085522,0.15039929885826886,-0.2650969808393012,0.10915068519224619,0.1246085192497629,-0.20733902324081496,0
-0.03426875940803488,-0.03714408659957915,-0.14075116947178212,-0.07778166875908754,-0.11105758454658288,0.17522704434236228,0.09356783931474612,0.12715550949941587,0.07216720640432349,-0.1129051771217229,-0.05245202662797737,0.04893745612279181,-0.12221278088919454,0.07129984301723881,-0.02403253981581349,-0.03748208075495973,0.07109599682034917,0.044426331148604,-0.03609661658190799,0.11593298033642481,-0.10810633275998974,0.061593560694426376,0.05931012579683838,-0.03095464393139903,0.0326133022242118,-0.12511135763853032,0.09240270192069011,-0.018490213644298904,-0.05227230205190395,0.10490092258368894,-0.07043436905427593,-0.14084612963635598,-0.15566291735239038,0.06060099513456396,-0.12804293524962831,0.1754794181984365,-0.20819294078837222,0.16964563682900383,0.02110174672026184,-0.00967131118703924,-0.05449190868089496,0.03991361143520708,0
-0.003763470242484838,0.11033018820165219,0.011422764866203965,0.01503017614618776,-0.03636122122138559,-0.005694562372106746,0.03078017688920592,-0.17101683926566255,-0.1348185422105713,0.0743264094022715,0.017086543812794185,-0.018398333635267914,0.001843393306539316,0.03475817053616711,-0.053975968030936156,-0.07783047254023127,0.019584525509768157,-0.09783727776150321,0.04082527557144719,-0.17025836042378406,0.10291556373256437,0.0472597482413043,0.025602973431387566,0.09826909839455139,0.1665474444462577,0.10143700650181305,-0.18408742313316453,-0.12795769667357015,-0.06248185776956788,0.0026091050210833786,0.05176590204691231,-0.07257438131534656,0.018676676447707832,-0.07553829323533226,-0.061151780299194824,-0.14066610968482224,-0.09232332461109044,-0.13516846056163337,-0.09758732529773329,0.10536417966078396,-0.09493988888319431,0.2632382064837391,0
0.049331790088088925,0.018483612369487392,-0.08583577801812134,0.07003098794089911,-0.0575637826237774,0.012200981464536145,0.2560084538268795,-0.009605989972464988,0.11492733262856758,-0.07031764251258875,-0.00349884904969617,0.177080063563551,-0.06269670577877674,0.18124485579969288,0.07077519354554755,-0.056246677589426766,0.06324077390555209,0.09725544496267297,0.062180996221719645,-0.15702247198904565,-0.07271371758248686,-0.024751863555150477,-0.007443342910004629,0.0620672097550678,0.017770100093325383,-0.13353443587101013,0.03801978510059632,0.061058574528382314,0.055979044793103984,0.10807807255546219,0.08339221545489041,0.04591800792284367,-0.007016571145864701,-0.1660960933515991,0.04296182191325859,0.020768768716311115,0.027157883719537354,-0.12767485758203098,-0.10810565404082624,0.10531528533329036,-0.0039555153856655045,0.06815006973726244,0
0.002831837613045931,0.002975613949574324,0.09382838059759978,-0.05160447282173739,0.009612077694098345,-0.04622752887050428,-0.04344962274323156,-0.03091721234686394,0.022213377163371278,-0.04787486216634771,0.12557561255735208,-0.08946073022195039,-0.018687164416135906,-0.043973105827417494,0.1446977884353733,0.019655477651157466,0.10318445394686349,-0.1485560373036972,0.026705026586925886,0.08896307956234371,0.00822839892754242,0.10654803750653513,-0.05172884501003722,0.140934744018558,0.22988981236192504,-0.03628385604396591,-0.044550252140077184,0.1453384477117701,0.15795721457307124,-0.05228600271532683,-0.04201868170958575,-0.02817846088605074,-0.13444505110342772,-0.09186519464841983,-0.1004140766752068,-0.07677975651041286,-0.0034684887386781105,0.023421473253652025,0.1550500492814077,-0.0998354040738791,0.09843223984765838,-0.021398884422550897,0
-0.0049463709652432936,0.06748194921666036,-0.11227220215622986,0.03824097461840506,0.0166452208213056,0.04924512640081488,0.02891686439078181,0.24553001399108942,-0.0637739984251316,-0.053099695500181766,-0.06231405264247644,-0.05554771191602547,-0.06373871273065178,0.11890165311075518,0.1420504247989855,-0.05707462937494763,-0.08323555731042287,0.04714155563864041,-0.05522230442809716,0.06329318177555111,0.02029230208512997,-0.1515744114997232,0.15475052013300616,0.17958776730955217,-0.0612788690484386,-0.038770155993598406,0.028586539072490515,0.033445678998702516,0.06585442726728305,0.20102045387663497,-0.01769472274940494,-0.07982972445384538,-0.13793192280145272,-0.07309300399419191,-0.0033126972873797097,0.17945578635177878,-0.05176112990361714,0.022378795163889853,-0.0016422896072752075,0.1188393273448084,0.2526932425873622,-0.05308687729203207,0
-0.04894394425182222,0.1044160877069072,0.06818914896263115,0.18467073257360336,0.0583928185325964,-0.035929209078705955,0.05906548306923093,0.11087035805829078,0.08204821811973644,0.05072740311072979,0.10666746895891539,0.11692955904456728,0.13821589910375273,0.06487098875896427,-0.016711808031685437,0.014671368643332284,0.12065089665083568,-0.08169356709872361,0.03686733088729012,-0.03933388123273607,0.0028744822934817487,0.12784518626072988,0.019109906801990335,0.004643654815614881,-0.13598561409799192,0.07462535660272207,0.06454841811410754,0.21632547233054603,-0.030777823495300057,0.02191503276639388,0.024938368371075527,0.15774532797634744,-0.00952955323869521,0.027902152577033924,0.060789650971653925,0.01866091231563581,-0.04464336145505283,0.01940899928983076,0.10736317498597721,-0.10265152994110603,0.0132969674146876,-0.07001208149391733,0
0.11950466289248425,-0.15231869047837748,-0.05589218472715884,0.03772118750645209,0.15655240292343406,-0.00657502610729878,-0.05551995266931983,0.188115706944059,-0.1448013900416244,-0.2198805956620082,0.04400144500533324,-0.05020542243526112,-0.10212328171307133,0.07083564472993534,0.024380071377119884,-0.05640786307367284,-0.12803043986708945,0.08724573282801447,0.0650201177958661,-0.00991758637793829,0.18466369960476658,-0.10700847663261526,-0.1525525170924739,-0.06919080698812445,-0.004558601635549781,0.024333944932269185,-0.02412360578563299,0.03520553965142968,-0.12515394241904443,0.14437646040732596,-0.008215117839256884,0.11172958315881279,0.03427253463777041,0.045675321915378396,0.056976728023220374,0.04477085600173148,0.06427227598675439,0.13291525301324314,0.019652116970147016,0.07090037575885123,-0.008973569428722673,0.1440117215449473,0
-0.06763923020592698,0.18009404329108158,-0.0040157950644343415,-0.14307751021180481,0.012810441491078928,-0.06810516574748808,0.08406435489887243,-0.06526239793023912,-0.044618343321477974,-0.18895407309455312,-0.04523063192490767,-0.24238793266289568,-0.15839028234857233,0.07604146561442975,0.07858001586508323,0.04254575617849648,-0.0966976143129213,-0.004771135614197986,-0.0003602539090568403,-0.11583646891925424,0.15033983017671507,0.08773622905756714,-0.022096417382966395,0.002688583899453078,0.02083828079475525,-0.20417348684242909,-0.024717738252059696,-0.06819842479977986,-0.10016200098949156,-0.02811002928859549,0.17976865268495226,0.06408428612670099,-0.05711789897827968,0.05725827813561586,0.13993554365860023,0.09246336829127688,0.005963036992017413,-0.06469367777055739,0.069822331361359,0.039348538542174974,0.08951932200277324,0.06351718016819695,0
0.10495527153193351,-0.0535235211560568,0.13173940656343258,0.019759960469239966,0.20752608726252655,-0.06891878180895679,0.17359638031652494,0.01979107834626478,-0.06514180036144483,-0.04838858340543216,-0.03203473081943202,0.042416594640191645,0.05228354880354996,-0.0573700003938579,-0.0024354592260982843,0.21422703586118638,0.17275431701007116,0.04363236696740321,0.003800347816820029,0.012003132671826131,0.061351797273041665,-0.10227925651984056,-0.025737653742334516,-0.166858407387759,0.03992231226052793,0.0647195939702741,-0.048318646229937395,0.15739867632900328,-0.12257656630023411,-0.146437488020982,0.0224451818559972,0.10470983026121546,0.16839276914578688,-0.045888426286894005,0.10786808334312957,-0.003850846950070721,-0.017262729994081964,0.08836599374866724,0.06523228784134197,-0.15763921569842496,0.14765403497258958,0.13800913541474516,0
-0.06255627015095294,0.03958035334374091,0.049403018628273884,0.026067376582390712,-0.05503051538454201,-0.06716233679380516,-0.002555407099144528,0.11727290192593648,0.05436001545944324,-0.0370614332086106,0.07716987106483447,-0.28485426206300757,0.11487657003721036,-0.17397137787780997,-0.03624409414031322,-0.1119669894626144,-0.12946814757209055,0.11608267873785193,-0.04677012013118914,0.03465038817307158,-0.0046920578879184075,0.04770408272231215,0.007682189106025536,-0.12829922241885697,0.09962668194471401,-0.04937565831613125,-0.15565818986597513,-0.04281151609659126,0.1500759790634311,0.08502217421134929,-0.03486521344078592,-0.03492577043184288,-0.03216350512173826,0.2076747983560841,0.03819354522315534,0.043004164719106966,0.10302834540318423,0.023878915902651354,-0.025904214582070314,-0.019634984908497827,-0.007160125941406395,-0.003722223650984159,0
0.072762954363698,0.005194588580729943,0.07326400772155793,-0.008071658010858232,0.00786351903160906,-0.19982006845321076,0.09163276747024815,0.03464884758979927,0.09980101098596522,-0.28962553781936895,0.20883747047807277,-0.013958962815517376,0.11081828167375166,-0.10399059271255309,0.06127739050625697,-0.10534155631736562,-0.062376896069580516,0.19140313538667864,-0.01906824007633466,0.021743287317972287,0.08700677306887539,0.04956818879726045,0.015041890514357628,0.03649610024662251,0.24034155852382752,-0.005761879703358539,0.020109904671496752,0.1050654396007612,0.11055259329579839,0.11870303055603802,0.06387302220291846,-0.11430049127304837,0.16334315323010962,-0.1146345393018688,0.030263546523903326,-0.0754275850019358,-0.006413834659299263,0.03287624103034808,0.03213572154502731,0.04219207542352848,0.16137112690586472,0.045353430151397985,0
-0.02441566352906488,0.09640871682883577,0.11894704889246406,-0.12276078151369925,0.059740006984985806,0.07011727423108984,-0.0297563503359992,0.137570681331162,-0.015005558703252717,0.012557645347154263,-0.017307182428386962,0.0015579047581467534,-0.10962750868952019,-0.14400508825942945,0.15945050632249724,-0.08469613483183279,-0.09913923494563072,-0.21533901136037148,-0.06389617476895024,-0.13230897934074987,0.16420151601363692,0.10098170893426342,-0.06881503451777238,0.2252435805344309,0.09817654869915943,-0.032483138350862244,-0.24994057148735727,0.22909425725907415,-0.1389572466763596,-0.1645398746956892,0.10225704320096403,0.24397524063392728,0.13842728185105183,0.056390912005235966,0.0594754341665286,0.08534155587803077,0.07589285897867652,0.02811914239693758,0.010420110395187608,-0.006259312789952242,-0.07539645888666763,-0.028067507686677408,0
-0.16929568141953855,-0.00983396267947499,-0.09885911071509176,-0.11035893172157712,0.017989415115347848,0.13920022863445994,0.09183166060023133,-0.15705006036231775,-0.09896281365703376,0.0940771187988216,-0.09824873935383097,-0.02246331499970246,0.05500520990245519,-0.09683444548636354,0.010537550614595992,-0.13340254949182045,-0.06013676439512138,0.0319781934142537,-0.15929937335316693,0.044047473796039904,-0.0019637798926681227,0.0552489954417148,0.022391413406466144,0.13641404299738444,0.012522450264790728,-0.0429405541125253,0.012229750303228384,0.05432980290363883,0.004886007032570434,0.004059169120388238,-0.07019916878067556,-0.06629009175509484,-0.14026052717996937,0.17495767431869394,-0.12438632353912851,-0.06929051977959073,-0.07184072655691974,0.08949243769444414,-0.02949496782920278,0.12477420726737339,-0.06734906242438686,0.027899416222380197,0
-0.08353470532597573,0.21451491277733883,-0.11875984190295129,0.030982071022702753,0.06337768809320986,0.04137990974514982,-0.018528765887770828,-0.012982069973342617,0.0043811471979109595,-0.014700200162848863,0.09638791167949097,0.22105230015913513,-0.05574917850078337,-0.1369802979579078,-0.00882820483512548,0.25797093376543184,-0.08036745679697309,0.16391168054440675,0.16777008140764407,-0.05535882417079946,0.05689830791852754,0.16283966231285382,-0.037912774098748714,-0.02035803601023618,-0.058168091394864375,-0.10147567306928669,-0.06492775450660071,-0.12239402667622566,0.0034083468259226064,-0.07699732310586416,0.023378591179074773,-0.15558956462036275,0.03308802322144571,0.08335289616089248,-0.19937356425714556,0.037405656984757216,0.12276689924732923,-0.12096410186912054,0.16725723868377035,0.04190190093660452,-0.07050118557584088,-0.005576907765770601,0
0.5558326912521723,0.5076005391412411,0.5538755992446369,0.40793264069206336,0.5169360824036078,0.35862855030950197,0.48887739386512996,0.40960923585352105,0.42644700574102334,0.6236093175210438,0.6091310120594269,0.5609138120907177,0.3907687235327421,0.46835915503051984,0.6213097699979183,0.5141716913639904,0.7319329539981694,0.5393317839394371,0.5192049116490032,0.4690883535797499,0.5133540904782282,0.4847530163619457,0.570810867668859,0.5956702316794584,0.421401053949205,0.3668767046442222,0.3163794626896703,0.5507991326912544,0.38966333938261266,0.28471094070475167,0.5388578604530965,0.749299951743279,0.4993929088460107,0.5838490774451642,0.5081829358547565,0.49011103468088574,0.5919076482987768,0.4709725455811349,0.5267392314071903,0.5321697806196014,0.4331909546356951,0.5992042349536523,1
0.48250402433045914,0.4244254840507155,0.5536509843570403,0.41015320182089626,0.5028181157369128,0.49908810033557965,0.6085895565831578,0.5474698232879953,0.4974973041254856,0.5817766299200287,0.6390207549017314,0.5557810306351862,0.501035261984338,0.368816376764984,0.39348863369246273,0.46947752956453326,0.4390487797840717,0.4813028697014554,0.5056649924897108,0.5529692754356731,0.4929501221940909,0.5486501643826202,0.5064474414810121,0.3024533433646128,0.40606646061812457,0.48559124442783846,0.37903052571588924,0.5599928729996204,0.6530750832343697,0.6218761851697316,0.47865571290697917,0.6490726136849952,0.5148667457202112,0.46629140288819604,0.43865973364590605,0.4697530313511872,0.4611823181458771,0.5170416222375488,0.5160573981049864,0.5003046020153414,0.543693816974635,0.6190646274786341,1
0.5949554135441324,0.35151020315500964,0.24460788650980453,0.5934319911239274,0.36331213015845787,0.47752345981073163,0.38298869739406405,0.31980195624199803,0.5541462728204788,0.5759155160302647,0.44234895992732803,0.240895770785509,0.4453755551747517,0.5391804005402546,0.35210884312258717,0.5183359919779156,0.4984690150827004,0.5579291499601089,0.5119580368414153,0.40269310591184443,0.6196571501664492,0.484147042697303,0.4972695460490068,0.4066732040926804,0.455671774880849,0.4115197285973099,0.4827053940076577,0.6711708480142344,0.36280988570686434,0.33864386021232584,0.6471170327493608,0.4790676322848134,0.43309272613400834,0.6039904687396076,0.4394384460263136,0.6826009713546937,0.5677925871339269,0.45120885918542974,0.7157308213265503,0.4394285076996661,0.5742095372009307,0.5299292580406492,1
0.6301741289398798,0.6561511196726852,0.5032004149065766,0.42465821296538164,0.5459972142939117,0.4322284630247894,0.7013387247526623,0.5136535331082738,0.4634678448687891,0.5184680305864908,0.36528737104703035,0.40283859614893486,0.6200413907944425,0.4343105721028604,0.39530890173180605,0.5536652752527286,0.6185704154662997,0.5718953310665067,0.5996047685805816,0.4243204911430539,0.3578189333258156,0.6501333651955487,0.4677320161157864,0.47491669835449524,0.6328194141849058,0.555623000940066,0.5455887772081608,0.7165002344901084,0.4356481769619857,0.5927840128081238,0.5057013124897085,0.5268592278863258,0.6528468426412531,0.5507835756289624,0.5538296079049633,0.6072507337309803,0.46350472704571144,0.41607903326609935,0.39551908059789664,0.30336434106239984,0.7056207129940322,0.3896791634278317,1
0.4778746376414228,0.47231867001110794,0.5307406697809101,0.5815737212539297,0.5860473488359745,0.44169225614310614,0.48328782862135883,0.52825799504883,0.4751308873816453,0.6607345576019993,0.5490974951638251,0.5734877786049818,0.5662881268667412,0.6173473857485325,0.5181021558703707,0.37031680520441534,0.5399687951752642,0.4348643106208171,0.4471383318250243,0.5586364018755093,0.6238283071433636,0.5021271576736062,0.5308833012598964,0.6702214944635239,0.5240753179488569,0.7601683114180395,0.5565509645631544,0.3239237240844182,0.5753341621104533,0.5381158384882778,0.6289752754082746,0.5673181351269958,0.4861544016016226,0.37757017637106344,0.4790976742713975,0.41494795457907,0.4419476550195277,0.558857840442061,0.6669904504351406,0.5394671529822981,0.38041169379648154,0.5444602668220141,1
0.6196631486645652,0.43902170956806175,0.4865982833327082,0.5014688194729197,0.421510168691776,0.5648280433843859,0.4879051851392218,0.5419532443907028,0.41125078221979,0.45625416996765894,0.5722381357827772,0.4627166847908233,0.6726963851233405,0.46003638143853975,0.5224684725751886,0.593259083187309,0.3581634267066968,0.32391911880192237,0.3474343685429905,0.6262584103427182,0.44481418541075535,0.7558199285668252,0.44357524013426114,0.5184551303197037,0.6542109952567876,0.7006092888159123,0.7061503576636398,0.6208366230593143,0.6024062525811462,0.5592526949201183,0.5778361076166638,0.44488142836714667,0.41818011165776925,0.49966255425890477,0.4829815377475072,0.4546771950672725,0.5696387447456716,0.595530520857051,0.5088406886291847,0.6477530081055262,0.3858310885866495,0.4806340540720282,1
0.4283177679397195,0.313346338292694,0.4917319314157301,0.48782524916167164,0.6513449743242131,0.5630811684554777,0.3975813175670795,0.6854092566334189,0.6221033695525353,0.5582097703468616,0.4773515901150168,0.40405607632765206,0.4627793223928947,0.6088748619704186,0.6884586305934609,0.6543243528272189,0.45111505782137257,0.38803825667109887,0.5140886246911204,0.32315606344371484,0.5323167714184781,0.48523974137013315,0.4533963498131758,0.34052969327332044,0.5513600106569716,0.44672991603380885,0.3830083164289712,0.21277377867183506,0.4972485094949364,0.6772251596669744,0.666125921454787,0.4542903743413728,0.4397787939638219,0.5468774256075024,0.4001614560811708,0.5301791899819466,0.5766080278384691,0.6226933223884308,0.4899845923520047,0.4796326249823034,0.4122017413243439,0.417311964596014,1
0.4773521108098473,0.5367365506816179,0.5913584626233249,0.4196821049319655,0.6492688568959522,0.4728876398957431,0.4978632705651564,0.42527883208521766,0.2575759739727058,0.588404539636105,0.5736843897092433,0.47186724428817867,0.5066990717224872,0.55159392177041,0.34374541431134575,0.4470947322653705,0.5794264679621828,0.3745710576830751,0.5293557932166629,0.3643418195376595,0.5466429982433526,0.4964358517702516,0.33848681840944905,0.6164739354457172,0.42654084232019507,0.4189747562985619,0.5200569197230943,0.6148637349428715,0.3984178181021603,0.5061679849847972,0.5428816500330573,0.5693105607263144,0.5176441555277225,0.46329721609166774,0.41724097793512804,0.5086143883046375,0.39278609880143933,0.20786495165053925,0.5436559804157668,0.5903934841086196,0.26370675644581615,0.39902692952900626,1
0.5619154261005198,0.7057495469711699,0.5020793707675408,0.42719970587708656,0.481710355889516,0.6374876419148185,0.4354035820875465,0.42008079933497466,0.45172564778179675,0.4046671391741288,0.5122670315994795,0.6624678458469561,0.5323079273116029,0.47476464978737126,0.4708188731084456,0.3436809191303343,0.588310977714716,0.4922162802987198,0.48195200864093746,0.8193107567844862,0.5298752908365686,0.4248208949904816,0.4573642403794457,0.6148445709196755,0.5113270410537765,0.3561722021682633,0.5919228934575204,0.4331855914461006,0.6873297776217546,0.6080048065714648,0.4552678104341249,0.6281016361735112,0.5067855510527404,0.585277367512222,0.5484732817294475,0.41536433450091265,0.4356450167682538,0.6029960817581161,0.4665224667893459,0.4596351536758003,0.4044877420650647,0.5423599065593461,1
0.7062524919243145,0.3932467085745727,0.5024219456672758,0.6412220555415429,0.4920358608754285,0.5452371796249734,0.393760647185312,0.5428307097207649,0.48128557349954515,0.5985729995679863,0.6187386051564752,0.7589563642018613,0.5579633173213576,0.5325796316582166,0.5194384301577336,0.4646833707189312,0.5338483843461691,0.47045985898609705,0.5168460976269614,0.631759753560796,0.3993457434720359,0.6139878561129045,0.6317115067339866,0.48819314730089214,0.2878145100991405,0.43921780129055676,0.629699454656111,0.4977131937701118,0.4000697767705089,0.44952250787717823,0.5840620026504553,0.554673356820138,0.47610679008303053,0.4633175588185312,0.4608241850956178,0.4077589815501497,0.6615375689469442,0.467767953078866,0.6217158520825496,0.6521316051922451,0.599831089814796,0.45683796872819515,1
0.5403730090336609,0.4975804393609084,0.40962981392698716,0.5324359281721603,0.3820960208840197,0.6187679388461564,0.4535382702701607,0.5201159655872839,0.5283287871546142,0.4741095026295923,0.5586693801475274,0.45250963433774755,0.5871297297457244,0.36540203197532517,0.5126379579546412,0.6938928999058285,0.39996686753944255,0.43222550294751483,0.5513907849658914,0.5179581781939598,0.5350630099273559,0.5489187130147664,0.563472146856177,0.6109699841956223,0.5409818656928512,0.47587423453814576,0.5672573701202731,0.6899881934895216,0.48673662536174267,0.40254706953293584,0.6107080669286973,0.48796188360464016,0.28273304539859634,0.5847421677150422,0.4464671814046077,0.4909466717695839,0.5331980330569015,0.5190499679779067,0.570945181713904,0.4564513629430157,0.5513105798176082,0.4740453322416083,1
0.5738810480887503,0.5615367484013053,0.40645612979554047,0.6085982116175033,0.4464036554885952,0.5808057798281145,0.5367287313401341,0.6838183676795122,0.4776534017628148,0.46506832038818025,0.4980580394112267,0.4696820217165725,0.579994190194205,0.3383689391563412,0.39463175808536455,0.3932197078420807,0.5950307591973576,0.6710613372581925,0.4895550781462529,0.4831178276809989,0.5070052163113181,0.616187830260819,0.4072646865809426,0.5238368982734785,0.5975197629782429,0.5501094169939845,0.5189581616598743,0.6001046092567142,0.22967677070007625,0.5677875319530907,0.4345924316872576,0.31693671031435433,0.551120259952498,0.6373658545162958,0.48625514853723084,0.5952874547202939,0.6612278257988645,0.6314914453584047,0.6639964529371393,0.5742127491071892,0.5075433638901593,0.33980341881028314,1
0.47539375118700516,0.41567534046838084,0.7170942717497814,0.48241141875676635,0.5123204806784486,0.5551485376040468,0.5043602446372454,0.6695051040430753,0.4377350638265548,0.5194607455237242,0.42575294143019515,0.3679977488779294,0.43882309090947147,0.4962963202951588,0.457069777548274,0.4307579020126144,0.3593682536328166,0.4916894427371305,0.3495279625968998,0.5760055963689603,0.5082439752934503,0.3542448500535069,0.46907909229501366,0.4247843594409417,0.531917451041918,0.6340450446023145,0.3124827530354255,0.5115026079147417,0.48398672044333596,0.5671340076450465,0.521319662823769,0.42480306682611807,0.46809460643333817,0.4203974143196511,0.6076007138598598,0.5021311648671942,0.6901190685753007,0.4939339186185379,0.42915932330895373,0.3486285607387173,0.3196860323744055,0.341586405699451,1
0.5267126651011483,0.5508725023229933,0.34188092979678664,0.5895038314076115,0.45169389483165606,0.514679301198555,0.6612220628255424,0.5896839315865532,0.47314693520941675,0.41088077745847124,0.2848184598670695,0.42808466807575796,0.4788869761172306,0.4012820472848816,0.48687430329076953,0.5076851882958768,0.47751440181919214,0.434999741917654,0.5168654671966728,0.5441940649569409,0.3909600922557154,0.641093237974627,0.4901411867715738,0.5018849622944848,0.5708214423256557,0.5233216131263502,0.5953136633913245,0.5287124165201824,0.43875626253595623,0.5361503525206102,0.38562737926793383,0.5108559705776523,0.49667700093555395,0.47918831427274605,0.4871462488561069,0.3118150954502361,0.44512750922590383,0.5092844901141115,0.51598563919974,0.3972324859074042,0.62657078408647,0.41338251517854996,1
0.5969457200526737,0.5427194361871684,0.4353772690156197,0.6775310892609512,0.380636316824352,0.5919154173610002,0.6000582318042978,0.4329379790923355,0.639246530006433,0.4749953485401047,0.5288693629279857,0.526032183877122,0.4865691258529452,0.5810808273159782,0.5793488720552213,0.3251468026761819,0.6304340242878153,0.3337508011964325,0.6032546204341658,0.6126705136827584,0.39090335697848017,0.4589185712045415,0.38942953315140644,0.47850789697112645,0.46919657158142586,0.577966053226934,0.6310308746119608,0.6395683810789956,0.44378319734216976,0.4790778126255472,0.331656180777905,0.4194129933503811,0.5964851633097458,0.6615582823548232,0.3765651128120078,0.44075357408471055,0.4973594243041073,0.5280161158819606,0.4190396480078354,0.542406104446409,0.4526160652929084,0.4985547729121721,1
0.55462842480037,0.5006422269810937,0.4563614109473431,0.4890390196074169,0.49116370407946647,0.4629988970117872,0.47412039373328974,0.6598647170504717,0.5560919447941238,0.47045196819708396,0.5696954404510736,0.466618051024399,0.6173124637586641,0.5369642192198094,0.4892697855995771,0.5447716925810278,0.34291238479315006,0.3873232531090195,0.38060749936009447,0.5142943094763707,0.6732514999485092,0.7231300146192632,0.5638051101440757,0.5500844474944457,0.3198942265847261,0.4457326200265978,0.42122162480917613,0.43791524017488836,0.48318561814152106,0.45279094223028726,0.30207001896242125,0.5747910256117534,0.39272569742601937,0.523924686411115,0.7074082669749974,0.40806154084135765,0.246971247725367,0.47139957781198893,0.6100959634998571,0.6958347454220594,0.3770450405547583,0.5496699223236522,1
0.45346895432199463,0.48940516456958644,0.7644343347017035,0.34970296716048466,0.5253739661494573,0.5467693171765433,0.6085786324939347,0.5097983153470895,0.5308050539504102,0.46083514325782093,0.5269126941245107,0.46568077245025896,0.5621571889856051,0.4630389663956366,0.5377100393902187,0.4970737186315022,0.6126050250772168,0.49486062764115135,0.32269675317931185,0.6261921500713992,0.4094267699137381,0.434623366135118,0.44043387059565076,0.6374438093170818,0.2864325786021304,0.8137748533659994,0.6056056809066052,0.522323891412916,0.4945105999383714,0.5285554074857657,0.5521122428379338,0.5645215585950057,0.5555604466003449,0.5089580681255249,0.4802661579692674,0.4848726716346488,0.4805091719647319,0.6133770096867065,0.5593556722280861,0.20596113653357195,0.5655900776529761,0.5194736194718775,1
0.49812912435541024,0.4611481546911114,0.6124112719986013,0.5947526462122859,0.42271223321763907,0.5407052287124535,0.4028343265458714,0.36203818352110695,0.43732827754100345,0.5862393472382759,0.5953125045376086,0.5513085420097293,0.5725095786847997,0.5516178287114959,0.43585184047770476,0.543192254467394,0.5800409525227682,0.5754291329813574,0.6188913371474642,0.5708303847201064,0.5351448207541583,0.6070150238316427,0.497347874075094,0.4118125348772282,0.4836933036056236,0.4255097355193551,0.4324821725025618,0.48554813292844823,0.42075800790000384,0.46920384703609597,0.31063853330462143,0.5213293707372939,0.5001205475362224,0.4182911368931809,0.5659245668432406,0.5937570137626559,0.3392440135631026,0.42372752214337855,0.42308576502127015,0.40600968988911357,0.5829474841931749,0.48061738612271965,1
0.4735485158689389,0.2996137635593247,0.5635418030209226,0.37607416051465276,0.5059932630266328,0.5277376937958193,0.6360658595838651,0.3691179600880888,0.19804878441791746,0.5183849544753695,0.6800511181510853,0.6238946352939437,0.5209659415274626,0.4508363814367953,0.5807122596637311,0.40264538002955313,0.5476357769356219,0.5505470159166627,0.606020990749888,0.7759660038911078,0.5392415967178767,0.44910363742925014,0.49744256878080056,0.3230924095110882,0.4305286868910942,0.4590717561886896,0.4475911602065408,0.5152354872033722,0.41775800676177993,0.6121030667324472,0.5000207064918197,0.4990699678861374,0.46721052834870824,0.5155190683858979,0.5825098264667634,0.41328697842891,0.43418835109247433,0.46962739712233353,0.36541290765267853,0.4180742140278502,0.4523779126455341,0.5874389180712727,1
0.5262561329001926,0.5193589911367544,0.5850897962167972,0.4862628211600603,0.539046484992889,0.48967782470675036,0.5265362349399628,0.44172413423884177,0.25611828417235705,0.48657208378136957,0.642274813609994,0.5926215402241592,0.5965397484591171,0.6236130721806218,0.5088657590961437,0.5197315707405596,0.438234810456565,0.468392714397295,0.5615771149771142,0.6203884437168816,0.48605537243190006,0.45498107351485884,0.5000527958856598,0.5601206748929115,0.3556145183866458,0.2703819046862762,0.44494631505084165,0.3779287574085841,0.4491859802352689,0.48522196811825286,0.4546751590976987,0.6452467534470745,0.532674476460232,0.5300474359610828,0.5622207144043402,0.3861166882219231,0.6039111787420268,0.49242357134645404,0.5670480617241213,0.39281427669598445,0.34462412339839354,0.5817889658025028,1
0.5376409526097516,0.409794844564249,0.4130336918725306,0.6125434784414769,0.3810588107132672,0.6642672953255964,0.4099379265352131,0.5638391925608383,0.46713815242510154,0.5603187431082343,0.44558859978858073,0.48372070939277056,0.5040919175395722,0.39978125442185275,0.5740824345420126,0.44867864335284147,0.47714000846599813,0.40056506253914875,0.24376663412046895,0.4808972237399831,0.7412615421612916,0.5784604287898024,0.4980739620265605,0.47371091707917323,0.5022465892812047,0.554711911517521,0.3819187184691155,0.6114321694668872,0.5715381315441244,0.5718185725707935,0.5438475738809727,0.501961665769399,0.567286123596682,0.5591814133741377,0.4645959289058976,0.4426398227103099,0.5101856295261986,0.6549020151495187,0.3760892924346099,0.353247473424756,0.5164760841236516,0.5050887701856018,1
0.5173341664370408,0.5243953197908501,0.4776797745365195,0.6489863438602083,0.33990960215234844,0.4171502975219754,0.48967452398509526,0.3356811188845833,0.4824145595567929,0.6661470165728018,0.5020886488295961,0.5230700905718684,0.373983523482742,0.43836385919605225,0.4624803619676063,0.4682284903243766,0.6281643795003768,0.5557691060725125,0.3888542043062968,0.5246504778432005,0.5498221748496785,0.6140149038521266,0.6580540686568374,0.3984905808172131,0.41891424887896617,0.37424221410853836,0.47659801408930186,0.5466358374446334,0.5987334516589102,0.49240489763574774,0.46801524767451563,0.515175799224874,0.4164857098369977,0.7089538721694774,0.3392338972881941,0.5184740578895725,0.7023606219229639,0.5006799844559998,0.48099609649985053,0.46425545771895727,0.4819608318237592,0.637284847467653,1
0.2788138088670493,0.6533433701296325,0.3576042847549855,0.4733347670765585,0.45707555797013383,0.558855326977072,0.34018756481162526,0.5462172666081943,0.7024309623286853,0.3636825995407189,0.5189706167610396,0.4338017822203391,0.5425887206193036,0.5019147777415752,0.435851309095569,0.5487872284871074,0.6804348109786743,0.4809096208272701,0.5719757942148181,0.3706727042128836,0.4043563623181991,0.5472406277880377,0.6484116028535964,0.5355613348785659,0.46869419694768455,0.4999291405423354,0.3749592266030283,0.5604515326355367,0.5882333062323409,0.45479096671669195,0.4529957852240498,0.5265878229652049,0.45632802639594044,0.49338673853741777,0.7099721789166515,0.47529742992540036,0.46416598479787774,0.43524581943648405,0.5744191971499937,0.4818775826781897,0.4350626961678574,0.6321304032273012,1
0.6419603004513638,0.4399576434261295,0.3133460048639384,0.6007513689836922,0.4315370174239996,0.5790625599162769,0.3029896182288164,0.5892597338299309,0.3788828070719219,0.5730764119066525,0.5014273067836434,0.4046060580603355,0.45929636870732193,0.56863184569567,0.5105894453115234,0.5584412980472484,0.6976440584515485,0.34357583882889486,0.6617212574968624,0.5104355937523213,0.4101215951676872,0.366968637426101,0.48108796092229666,0.5921650111924459,0.4872450879622466,0.6511154930247347,0.35488243099484407,0.49879110521539455,0.3747606555586881,0.5363631882624967,0.5886887390097301,0.4579238206318947,0.23957861433728656,0.5198948146796495,0.5436738551733509,0.5404294754961697,0.6235782191822155,0.3928946320350951,0.568021610545045,0.6192507512477975,0.3221412415993483,0.5319651825918977,1
0.44958201689923283,0.4918477326898354,0.5347676483538336,0.4512771435886448,0.4324291920838388,0.5034152417488025,0.39127540611371975,0.39141748711148144,0.5679373282956504,0.3851205964841344,0.5666312500909212,0.5462591292853951,0.32741932712094035,0.4322435347664345,0.6194109403047372,0.40188344688603184,0.45355957376906125,0.5462060893251897,0.5783390509282595,0.47484611139555044,0.44024898053083583,0.6422369861698508,0.673889966379758,0.5978858050781796,0.5085318142565024,0.4191734278359074,0.4169555593443435,0.5522514105265758,0.5418398220888684,0.6401598592946429,0.5650450092536139,0.3496919698240182,0.6051947617722919,0.4001939372685587,0.46160287280476486,0.5250200206251694,0.6995667489783964,0.8109918556005361,0.5606723059136183,0.48168033812796124,0.553450564848055,0.5887655425873837,1
0.46793323744428084,0.6795211355912323,0.5230070759191402,0.5497743089091395,0.5665924252054462,0.5421586610614456,0.5838940500469613,0.43827468134530767,0.44416982460539695,0.3899845767028305,0.5439501230620226,0.5778936503512114,0.5457772866151885,0.6674492433347538,0.49944039811709534,0.5668741655592513,0.39082991238606857,0.4612900297525599,0.5695537757565777,0.5849102110743144,0.4706033052335818,0.49284007481419334,0.34821262533191905,0.46429707991933905,0.5890383163519786,0.5575205016106566,0.5500665721381209,0.504977368718096,0.5007063158628177,0.4339678860526553,0.5698828420202535,0.542097294438939,0.5492018847992799,0.44739651573324196,0.28466570801287555,0.6097152711753696,0.4521162543991596,0.41372242359568795,0.5693478911913994,0.460798736008087,0.6059936384046622,0.5617005949576698,1
0.5683569323200478,0.36340442887994656,0.6211943985386401,0.5261250531233856,0.4630722860753797,0.5143388467342251,0.322376476710168,0.5408652811480671,0.39706284918179285,0.36473297141564653,0.3477640813782109,0.6112688374989925,0.4370736606307211,0.6533727709916499,0.4464198536947702,0.32926420424070535,0.3883475560051341,0.6235811620006939,0.48441018220633325,0.4451712703509399,0.5160018225852787,0.5501782736167545,0.6117398815902461,0.6448499229892926,0.4640231354210914,0.36739523139179614,0.4586534838876724,0.5260280506582886,0.4036241073789389,0.4042849085104957,0.5343787881549885,0.4951347648429549,0.5032796995411587,0.42415046652999305,0.47695992857942326,0.40757668557316956,0.5890198411124787,0.6035249334723752,0.3153812137761906,0.407048913980759,0.3503470744909921,0.4349976065593102,1
0.4916562030209639,0.355035478030147,0.4078140186874687,0.3996042627918502,0.5207267329398944,0.506934433703625,0.42782624466627467,0.5176820872139398,0.44533199154127345,0.47283448896739466,0.6673452090298537,0.6340461051790348,0.3700418763072402,0.5829732417879174,0.5811396554491592,0.38517367112473816,0.5818777643754861,0.6537931918412553,0.3877455193755586,0.4082497178985736,0.6017661466843502,0.5271495310825648,0.5551476275239523,0.5340589216400496,0.5390695920928145,0.3673527871688917,0.6047317706621449,0.6169589992427773,0.47706092559319724,0.49565230501861374,0.3468892497444277,0.5514254756017835,0.5572057441714144,0.4937808983000689,0.6124353359870502,0.46659227690200594,0.55646059258936,0.39803356613078844,0.4976447849125762,0.48256457420971643,0.5225307922040942,0.4630473071166642,1
0.4868527404328332,0.5826047171441506,0.45632357627617826,0.339342289926132,0.6749583904205421,0.6381454078690487,0.3707737304894381,0.5689707805245194,0.4497025229448657,0.526348721533106,0.5294224129013494,0.4765592199683678,0.42162343344136033,0.4309458947683741,0.40838080845187574,0.4168177791769555,0.4932821709950645,0.4284240010889248,0.568205206571262,0.6487246155335927,0.4419946758629957,0.5239404500535377,0.5499685110302934,0.5472002270919274,0.5075955267916087,0.5742682418359722,0.5482248952680657,0.3762337577672702,0.5869156064389274,0.5887290837266742,0.42367138958214184,0.5037937835447602,0.568332899281107,0.47906861804206385,0.6072978047766012,0.7363872494619361,0.4214013967365018,0.3618955396846225,0.5303818595604876,0.5721562505126143,0.4769133626155231,0.6453260663321034,1
0.3661394200276751,0.5692918623031611,0.43941391792411066,0.6719377906207297,0.6992515353168118,0.4233343412216652,0.44504428640914195,0.5859587886979802,0.46128693502104856,0.4954588782067762,0.502538842054241,0.30803268438023435,0.49861622539057626,0.4310272225935826,0.4506877177600228,0.6443632003468814,0.3743493105720743,0.5813205186747977,0.47210370696681914,0.47202398315041655,0.5790371896051711,0.534005129456889,0.5570612997219531,0.5968184660532861,0.4668691616816677,0.43877632654922494,0.3914849473442202,0.4174589470021045,0.7949094425308725,0.6244679580736787,0.36489256337919784,0.367754204325643,0.5481866061718491,0.5547264797377967,0.5548883835317364,0.4745044206446302,0.48745457399971,0.5327879524159358,0.508589300629333,0.2780699627252465,0.47702003694248063,0.41485935657396866,1
-0.4824788581091488,-0.20147409973965896,-0.46325183345256954,-0.5313529686172398,-0.40781984980227476,-0.4517312112790787,-0.4579905509548159,-0.4393149406784329,-0.29434564351704584,-0.6130888435325916,-0.45263679231885456,-0.5926381129981538,-0.44444873536577517,-0.5918686511486094,-0.5417366813605085,-0.5295089914237906,-0.4024183280655291,-0.40815455560575864,-0.6245717376446385,-0.49450658890001514,-0.5709579854749173,-0.6258504910675334,-0.5217017050424371,-0.530848278845582,-0.25732835136544774,-0.4567040174639304,-0.6377617500754238,-0.5564774004170943,-0.39786167045706017,-0.2911557227130075,-0.6585983312237959,-0.6879924385139045,-0.31290348246282174,-0.4610385822629096,-0.5868292731876367,-0.44653709138775644,-0.7635747739016878,-0.4996624493402839,-0.4672178827156915,-0.40757298604621706,-0.6013895952292538,-0.4914312838596641,2
-0.5925424626059588,-0.4744616244325683,-0.5895346322363024,-0.540810083916022,-0.5995815394790229,-0.4348863758176343,-0.41415488833433345,-0.5234620569957413,-0.4961762005039972,-0.6448591414633544,-0.5299676648006787,-0.5050204617041745,-0.23792069089700246,-0.6111967025774163,-0.35358227612475623,-0.4003141226534192,-0.47193635955098634,-0.32413795158048664,-0.4627894527393137,-0.46108408043320714,-0.5053120653017545,-0.37764311175813725,-0.3903530766189116,-0.5625677287496212,-0.6319247194598767,-0.5202980637395657,-0.5800038564397647,-0.5063524574615355,-0.3762561865315861,-0.545730165508679,-0.5042823381311575,-0.4941977265191605,-0.41515691177947156,-0.7246889333984605,-0.5606700294765297,-0.47887163077205275,-0.3799921043573139,-0.5491902447506205,-0.6876552706041874,-0.4380288554033864,-0.5635362388825629,-0.6189666659090362,2
-0.5624345389713225,-0.5184525357655849,-0.5604744664538213,-0.7205566057099069,-0.41029338031128676,-0.37251249587212776,-0.4348478008660494,-0.6137685670424817,-0.5201491533947518,-0.5006521315229459,-0.440120561043809,-0.4331659511281919,-0.5734173798778496,-0.49180044435864395,-0.4542719595384759,-0.3544177677853233,-0.4295493460175277,-0.4210943312624481,-0.4916173372070639,-0.3589540854796496,-0.45902372040405026,-0.586108791017357,-0.3596630029874809,-0.4302096727460972,-0.5443044021128483,-0.5479492967399243,-0.47034244548592385,-0.45368152047324156,-0.48027077343687935,-0.4688691326557115,-0.3300042625423619,-0.39284568477651144,-0.4809364408734976,-0.4058689419232516,-0.603252390352754,-0.4602072950053191,-0.319069365026689,-0.5218045895392374,-0.5847633928619085,-0.5652088888593061,-0.6089633037342388,-0.5784761908127704,2
-0.5370508098590029,-0.6405567019178642,-0.4984381666050397,-0.40977228262133525,-0.590775618014692,-0.3480716076358231,-0.44892079114724054,-0.39694194143759426,-0.5657834553852137,-0.4145474772933384,-0.6091933900395313,-0.41097524991634915,-0.48281606602064686,-0.4446748780015216,-0.6175594605624852,-0.5895069842276605,-0.4402771781746615,-0.5948348004224201,-0.4536793707900877,-0.6367137806460246,-0.4151825787333332,-0.6232523314768509,-0.44477000623204765,-0.4374369066353999,-0.5696771818429575,-0.4417973432915273,-0.47395577366664443,-0.5538841856192738,-0.6008554684076208,-0.6962625691672579,-0.4650349952700306,-0.6564802771362055,-0.49046558005586915,-0.5263448216082249,-0.43208572245618043,-0.5302045499489865,-0.5329447786347091,-0.42681292957117045,-0.46649419709158824,-0.4683844042817222,-0.45307324101914737,-0.6535572123207106,2
-0.4243211320013018,-0.43875312059863975,-0.6016683128576498,-0.5244080473674201,-0.5039307287627631,-0.5134496784401733,-0.4666140033431465,-0.35686332181688163,-0.3918233272327171,-0.6312219193431406,-0.4377930009693951,-0.36710666804645903,-0.46131914793107975,-0.39090195748140333,-0.29877295542992344,-0.3976290453893019,-0.4750691404358271,-0.3954911525915247,-0.4855112166903109,-0.4976096956715044,-0.5351414235713733,-0.34365866411678914,-0.5818428665942001,-0.34676322753218836,-0.4500135876259629,-0.6399306174801942,-0.46323507070085784,-0.7100026507651624,-0.43744919831689644,-0.4114768517011009,-0.5592355955652053,-0.48764523040444174,-0.30458425662497135,-0.5505746704261937,-0.6058907587056601,-0.35183365975374015,-0.30374128094692054,-0.49963043281521524,-0.39885369645916435,-0.3658524084469119,-0.5742484232538384,-0.5485305835367869,2
-0.3769125486845265,-0.331498572129149,-0.4437119139825645,-0.5879814353502054,-0.30129388883005587,-0.5530970897811964,-0.5335137781171452,-0.46576621655103784,-0.3445839579285226,-0.41460240234477763,-0.45851344996380894,-0.45367114698818933,-0.4956485331356534,-0.44418604854814936,-0.7529560077694304,-0.5296607459069799,-0.4758678065083219,-0.6151014083619507,-0.461367668218844,-0.5204471220986121,-0.32445243016845093,-0.3426980274785143,-0.5465805569118163,-0.5150837711566695,-0.5073947565608392,-0.5451659476159623,-0.48049750159718735,-0.575828206888759,-0.6130615334937526,-0.43772887760997314,-0.43704704157781893,-0.5804315759659993,-0.41046445692374,-0.5631577729165331,-0.4746834761962019,-0.4179655987387544,-0.5033612564703713,-0.4545259087858865,-0.5516429643887572,-0.5196466583428098,-0.5205859430880341,-0.5746578346540239,2
-0.5176774163115783,-0.6548618298863746,-0.5491153747142105,-0.5284875493369671,-0.525617975249538,-0.5241497445870779,-0.5061764199860129,-0.4520558481913936,-0.41254829258674774,-0.5649765226848267,-0.6203200855389145,-0.6042044412243103,-0.5487202921194927,-0.5351921317816509,-0.5769996066197457,-0.6296116664249894,-0.5456120827474188,-0.48185733798860286,-0.4404970534164435,-0.5557423053108321,-0.5412997822143434,-0.5926698308847311,-0.5031439170374776,-0.5848428634190814,-0.44268721867588,-0.6785866491934112,-0.5359629672452462,-0.4698892660808258,-0.4816165483677496,-0.2306966336019503,-0.4650199975432093,-0.600405459684201,-0.5095464247089073,-0.6776246333466452,-0.5080599749296761,-0.5833056057000758,-0.4084609724439838,-0.5549540274595535,-0.5116765915795247,-0.5635557841404404,-0.3261148648146669,-0.5321242766117912,2
-0.31674429565207984,-0.41858482378817335,-0.4517933272664614,-0.463126685268248,-0.4606202701783748,-0.692767257934561,-0.5278883394150756,-0.41548420288156784,-0.5048897183474106,-0.6405189846803575,-0.5052404450577469,-0.32958944837445087,-0.3753108284465281,-0.5062004009366031,-0.4048550722941913,-0.5366507020368052,-0.670387158682672,-0.5924465988129555,-0.3437111231491802,-0.5273993081829305,-0.5243383979375018,-0.5299838196274881,-0.30958634104269933,-0.33740410846379365,-0.27812197665518656,-0.5159045210400052,-0.4704375511252905,-0.6516642549420791,-0.3523065573881725,-0.6167779551267936,-0.4783224436237371,-0.6097302527632844,-0.5588866826738697,-0.58372624310497,-0.5607875260675818,-0.5539122703148979,-0.5548268794925078,-0.41666660882196926,-0.610486279306252,-0.47794585729861333,-0.37820408476944417,-0.5513196364513396,2
-0.5717918890747602,-0.5230524625180251,-0.382027479163929,-0.4805892369046642,-0.5531214294607598,-0.451612334881196,-0.6102292149836424,-0.4318640489557052,-0.45913926922982323,-0.5307808471138884,-0.5838585798447231,-0.5886680922283457,-0.446518266365409,-0.3771019497510938,-0.5637307747028795,-0.45416132964485156,-0.7087027018602069,-0.55846177306572,-0.5031058932870902,-0.5909683416981834,-0.5936506374789596,-0.5667779556468886,-0.4707807271673627,-0.5187329018406375,-0.7238231233324972,-0.7120700152635067,-0.5606865177857175,-0.4542313413946448,-0.7747504842725235,-0.549973017615163,-0.5526247856517421,-0.36116622217915517,-0.5385021811712863,-0.46170110152590715,-0.48587428599125365,-0.7130566479807201,-0.4231792783368263,-0.4784603494543712,-0.44917313603254105,-0.10737622935636731,-0.7084112939498588,-0.3275303350238892,2
-0.5287447519400356,-0.4712671095596991,-0.5045512245301242,-0.5424236333398044,-0.5569832928238758,-0.4670491264426991,-0.6517173696671679,-0.42494208324782345,-0.5416194404885254,-0.6130069339040358,-0.5450012857995814,-0.3742850783137427,-0.5535335087016223,-0.46415463817903796,-0.5730956275715473,-0.42420781500763804,-0.4314492261209796,-0.3151391166703589,-0.5175563945499215,-0.43313451952420934,-0.49019324604610554,-0.37041282181369856,-0.571883238760873,-0.4254994687122719,-0.5194697296116682,-0.5064188177108497,-0.4908247515551627,-0.47477596035733227,-0.5116229043121958,-0.4785286816829474,-0.34218819424378155,-0.40145503143847816,-0.4130845407503103,-0.545553952602387,-0.5889240828228325,-0.40446994417622467,-0.41239532074702057,-0.3527329324249018,-0.5603980625969229,-0.5229548655360348,-0.6639484162525434,-0.5392471106060873,2
-0.40034294894205524,-0.5466495379228198,-0.4359520204799176,-0.5190503105997811,-0.46759429717784395,-0.6147691389815667,-0.4914790550366099,-0.7991135970900723,-0.5186896158161984,-0.663047324371514,-0.3794005483453184,-0.42225926472354885,-0.4533329018033919,-0.347899377284062,-0.5948916520824837,-0.3252636802084442,-0.4067808435739615,-0.5236555287218946,-0.3864379852817056,-0.6106293512411635,-0.5824514161527674,-0.5608589723239701,-0.5528977708064016,-0.6056557642760253,-0.3776916932904675,-0.5258854400369831,-0.46474950316431207,-0.5570351366413681,-0.6820603300548518,-0.47299426416085777,-0.6912254975419777,-0.5068634046085468,-0.636831503883281,-0.3012724000769192,-0.40886372778252783,-0.48942462087285193,-0.3736293322345331,-0.5846315977465736,-0.4456520621329907,-0.48001895662812866,-0.473597991866633,-0.37276464998932324,2
-0.42675078972201974,-0.47112763371749766,-0.6654887436228296,-0.5960046295279464,-0.5122708933595724,-0.4906627625723349,-0.6130203724673924,-0.25883233244215786,-0.3483605944746427,-0.43978816796075165,-0.4927963138716255,-0.5212208969901152,-0.5951918460022235,-0.49225194814811374,-0.47422474598572495,-0.6241760575481624,-0.46658235827551026,-0.5155259048824749,-0.6907807557877391,-0.5860385010779502,-0.5413605533421644,-0.311231234265981,-0.4443446875466242,-0.6335481569099891,-0.45139637105823627,-0.6547303988938366,-0.3917308946112927,-0.5471124651817879,-0.5093636188739171,-0.36742033524578094,-0.628716356858425,-0.6397118185112991,-0.5583599326346005,-0.39616211489806835,-0.6519346075476843,-0.7832155598110571,-0.5451158858408999,-0.44482592000890797,-0.3799738250261171,-0.5463161362085399,-0.5411426607116002,-0.3846099265744253,2
-0.6869741699695421,-0.5388520775183009,-0.48095761100749423,-0.4550781278714966,-0.5509806693190883,-0.49655589882941586,-0.7488327353412989,-0.5658248412333848,-0.45464912874455327,-0.5982294034254679,-0.49410157784104025,-0.45531274991973025,-0.5342549200857765,-0.48295362290034294,-0.5962732565284612,-0.5206611279696046,-0.4389783830410777,-0.48430270390315655,-0.5586531269563936,-0.4775783595709207,-0.4285390209363382,-0.7049941278577478,-0.3840925935044102,-0.5336254738681072,-0.457451006675977,-0.38027530763547723,-0.6371673697230467,-0.5709441002427547,-0.5288548695875704,-0.5783753521124428,-0.32650634241631915,-0.5856772093826793,-0.5555546779486866,-0.4795610968397023,-0.6202149526076088,-0.5395680711756263,-0.46825467387498254,-0.5332860404382511,-0.5093386858899949,-0.5529332112448371,-0.6514470309180767,-0.46784067886607617,2
-0.32450669283527583,-0.49815983692165616,-0.47747358827524505,-0.43072772448831403,-0.6269330496546699,-0.3297485341870394,-0.4797671203577198,-0.3368143100910891,-0.5733032995523989,-0.3181938077442175,-0.42248445059652173,-0.4446959914147641,-0.4765975545646852,-0.524852861807445,-0.37994683415261277,-0.4859640130151953,-0.6967069703587153,-0.6117186461707003,-0.5185845752192747,-0.4690001016834445,-0.5056588488899896,-0.3781029210206337,-0.6951101864038625,-0.485641206349484,-0.6817979225387155,-0.42402877045158316,-0.5094458714442003,-0.4580390027975882,-0.5863882960589766,-0.3720535068342249,-0.3958275335941149,-0.44164556969881125,-0.5129517246863441,-0.4420142714704868,-0.570689256798735,-0.4144444340979288,-0.33505191056760786,-0.3929389440020814,-0.572960246980741,-0.4638582682726897,-0.6293141543758648,-0.44276096888243244,2
-0.4549396587137461,-0.6869816339532164,-0.6161783843912364,-0.5283138896743768,-0.5300859747140826,-0.6209476935418805,-0.4611021270647816,-0.47485263910594877,-0.519426913197852,-0.5755791500158363,-0.39512928735834363,-0.3344592886911705,-0.5483561483846537,-0.561216691715482,-0.4508792334588003,-0.5358029379746987,-0.5139397200663234,-0.4260346848275329,-0.6909356087507292,-0.36816976751473307,-0.49273194756706584,-0.5411493144562181,-0.5089234154221449,-0.5037570644979481,-0.6731201303444926,-0.35050617725467637,-0.49586743677293815,-0.4556997869552625,-0.40484502294259567,-0.6021162457560301,-0.4526528100964772,-0.5267641090898794,-0.4153229224783506,-0.7127227420351495,-0.5099094300241269,-0.5602820655783962,-0.4567737049365844,-0.4529955812631798,-0.5707625894822026,-0.5712173864176043,-0.511066536855733,-0.5896642227315209,2
-0.4158016304547873,-0.5369207200447446,-0.7906988219321642,-0.5374822056621806,-0.6038543820843972,-0.6631275815460945,-0.6237426638222573,-0.489059152816703,-0.3671359171751769,-0.468681552613502,-0.560650338821574,-0.4544095804829297,-0.5459090310218991,-0.5694600369163144,-0.6154362668232984,-0.675182880675172,-0.5389923706559445,-0.4841946510079868,-0.5096623670014889,-0.5415966927947359,-0.5945746060696782,-0.43917538083150315,-0.6317131919946585,-0.42239720861565244,-0.6002217018926725,-0.5752435237353035,-0.6466785190615677,-0.5501402146885637,-0.4024687541522021,-0.4484371911556043,-0.4021577887971965,-0.44778574540660643,-0.6103669828530369,-0.5330789224327558,-0.5780199129117463,-0.366942509596096,-0.6196788646426312,-0.4106302310610889,-0.4107046129891231,-0.31703797982839127,-0.5409686592629497,-0.4287677840419838,2
-0.2718348163461157,-0.5617641676933697,-0.653504024753236,-0.6880010033907764,-0.42872879711386686,-0.6883150208058584,-0.5372319052937923,-0.45626868129610393,-0.4814824463170086,-0.45745551358158276,-0.4777710144199146,-0.37211341866866066,-0.5952316380738797,-0.5676995138458532,-0.5772659445270825,-0.416980818813739,-0.4099601411604936,-0.45487746806814916,-0.38165063331100724,-0.6178040867376381,-0.33327758884488634,-0.3476761378287742,-0.4264378002754253,-0.321820109122894,-0.6656623207677774,-0.5524448136262652,-0.5735303460681952,-0.42785206762426564,-0.6050140739602146,-0.42425048506625146,-0.36294638560032866,-0.43047970999160007,-0.4716248976338499,-0.5987873340900749,-0.5846850966125364,-0.37503810947033334,-0.42206509960946675,-0.5039019519377544,-0.5417909545765891,-0.7025807873111377,-0.6070852418684439,-0.30885809128602765,2
-0.6280455571002467,-0.4810520178778919,-0.39925560268048016,-0.6254922668002293,-0.48152895252189165,-0.4062084462489345,-0.49875006780927494,-0.21315969443332317,-0.6668599258878195,-0.3941271470116121,-0.5172801737396464,-0.4228079845163325,-0.4558692848300754,-0.5733156197109996,-0.477100360754066,-0.6857901451398287,-0.4396752499428606,-0.47018415340094744,-0.43613398313568974,-0.394188167491285,-0.4632380159790289,-0.48519105802017237,-0.5881068336661293,-0.5712220763649051,-0.3813265379822669,-0.35636645942940215,-0.5238110436312055,-0.4953997252746726,-0.5904614374993766,-0.3827243154732555,-0.4334583176308221,-0.3058782563536251,-0.5878323077179739,-0.5378007899018217,-0.4768554077474428,-0.43535104622742293,-0.5215667637547632,-0.5872961090453701,-0.4118592471076429,-0.4278864637454418,-0.5916274100563725,-0.3644557198894504,2
-0.3829801290803396,-0.4865703502752207,-0.4920402137623964,-0.4445942228884093,-0.5861703070256258,-0.4969968520835918,-0.715238354460918,-0.41235443544970646,-0.656149322244186,-0.3496580171571001,-0.5330120093966451,-0.5211666981931177,-0.5627733906084506,-0.5288038873922076,-0.35814686548519636,-0.748780865653508,-0.3723034613911812,-0.4661976518898292,-0.6207021647857216,-0.6075312393049238,-0.3323606972791797,-0.5945506879942731,-0.615335051059596,-0.38626854576352704,-0.4661447123714086,-0.5937925576536399,-0.4783375024595381,-0.6025752683640277,-0.3899178601577395,-0.39386290351268666,-0.4467993801178057,-0.46383389387529833,-0.3238811875132626,-0.5000313672611775,-0.6181874125420801,-0.45505260871676934,-0.2913952950462886,-0.6014759493185853,-0.5361462766693985,-0.45835539618985477,-0.5053904849005739,-0.5982303580377315,2
-0.3878142143769529,-0.2679959277982741,-0.4803868540976093,-0.5904068289736001,-0.6548960525053475,-0.47420240187788193,-0.38961226566837426,-0.4524832253504618,-0.5002403840918854,-0.5589271651789306,-0.609216363271809,-0.41652486736751176,-0.40862283786144143,-0.6545729786690733,-0.34101610218193157,-0.44259287791059987,-0.36004053548542064,-0.6342127748485116,-0.6365824155415439,-0.5148969309767297,-0.4497215573104806,-0.32036391770730366,-0.42939210861848687,-0.5242681276812033,-0.6026369207665893,-0.376999942728085,-0.5964705425750715,-0.3371531445227678,-0.5284384649606509,-0.3409417927382149,-0.4321068709940722,-0.5136995489442459,-0.5519396371826126,-0.5340907877346079,-0.45716833076247626,-0.4922843503782283,-0.5593811408068705,-0.5165631410317633,-0.49214229702808504,-0.7128734094414813,-0.45418318852113015,-0.5979721224716807,2
-0.6153332403205745,-0.6687344347110711,-0.679389249786789,-0.6355447503112289,-0.5709020957630491,-0.30467408624734316,-0.5525879675895204,-0.48222498937319686,-0.4599518613493671,-0.48689348137841515,-0.5077443460725993,-0.6195293763599244,-0.35490724517207883,-0.3192803356362115,-0.6682658694122686,-0.602402859088638,-0.5279810342377006,-0.5964537794910192,-0.44940344465441345,-0.5728272202406614,-0.2834943932193398,-0.3809451405656404,-0.4787425969367785,-0.39730137366802676,-0.3894099575642691,-0.5563947488058243,-0.5816217244541965,-0.4921856937030353,-0.4138363875502056,-0.4860939601346582,-0.6576996482190998,-0.5802824443950843,-0.5073972863594378,-0.5075665604325831,-0.3027457823210192,-0.6385987942398998,-0.4494410758164125,-0.35108868916717106,-0.2728550254577204,-0.5404397423183961,-0.45085705472798004,-0.4430239642801353,2
-0.4804518268446709,-0.5098845201239306,-0.4564024610499954,-0.7532246085219685,-0.4317930509937369,-0.4873822096338033,-0.5222474896778265,-0.29531378042804424,-0.5674934018790552,-0.540307598906503,-0.3008446697795266,-0.5832061304849857,-0.5550115282936539,-0.514702542343085,-0.4159265517870451,-0.47921974926466865,-0.6292625347152263,-0.553216856312719,-0.5607354433212212,-0.5077221045223046,-0.4574156341370171,-0.4581794244112028,-0.6776011754048402,-0.39360590124391437,-0.47474311540033765,-0.3615467952406094,-0.4555801672709328,-0.3898677042264238,-0.4533454688549873,-0.3653774243797252,-0.44777493639822213,-0.5097915246442905,-0.2727565279553118,-0.4110962877720108,-0.4426255578995587,-0.6276304416538336,-0.6288307617463538,-0.4707284517858147,-0.4854478802231759,-0.5614122565008316,-0.485901730038794,-0.3411373071956404,2
-0.43045975254497015,-0.6141008509752739,-0.5111508827142943,-0.580496648085256,-0.5387699916408561,-0.5413615665629643,-0.5477645582604005,-0.6255135371973395,-0.512765468151819,-0.556060763684731,-0.7929448690002268,-0.2947027975498337,-0.3911230345783328,-0.5376300724924996,-0.4981180950259402,-0.6171654347317562,-0.3304277122189134,-0.31027113052268884,-0.48433062717534753,-0.3976469355814655,-0.4824713221066076,-0.6336725438875931,-0.5411823368963657,-0.4868072033228043,-0.5454547718743444,-0.5218653277435036,-0.5091399557509115,-0.5080878497865462,-0.4947741509502517,-0.60606050663966,-0.5717016149127936,-0.628458426569997,-0.40221844503137993,-0.7105646941840325,-0.3846409656683074,-0.3613650602737156,-0.5302180586982621,-0.7603137087827299,-0.5361310561967291,-0.5064184161288819,-0.6010598219928913,-0.5515218393808243,2
-0.3469804801136649,-0.4335072837698259,-0.5924564114378099,-0.6597599169595432,-0.5327017317609771,-0.5213456779350438,-0.45038008126366835,-0.553531671256766,-0.4488500424638139,-0.3064845959939771,-0.41844989775557373,-0.5048088507330772,-0.5183150471053295,-0.5356673134179871,-0.38193590875478556,-0.5627313445951303,-0.49547772910000176,-0.49488020981189146,-0.5501784192811532,-0.6372465547884101,-0.46770254963823316,-0.5061003971855383,-0.449975953056343,-0.5533600306439167,-0.3779178701186952,-0.5876773781211845,-0.3287959715982107,-0.6747636509828262,-0.45652299354431086,-0.45245693174733764,-0.5795557067940882,-0.4575606062138987,-0.3720481330239841,-0.7216818839354064,-0.4497255192509185,-0.7493270820330078,-0.5965664803523208,-0.3370833635099055,-0.5581782033392054,-0.6173879964408973,-0.5197937728984682,-0.2932093661836448,2
-0.6831682247206026,-0.6051309911639344,-0.35025683168203736,-0.31422976564622673,-0.5103431224290284,-0.6239052702526643,-0.2904156498190841,-0.3405557608250803,-0.4321053012237767,-0.581240234893742,-0.5049029340838036,-0.516036008104483,-0.46691486953844225,-0.35489985618686637,-0.4120582958862597,-0.6077376076984758,-0.36235035499804624,-0.46868678599868446,-0.43129342041410834,-0.35334591407213967,-0.6111580249513551,-0.5035825578706463,-0.5531454551359215,-0.6567859425365457,-0.465329002239508,-0.24884434484155765,-0.6840077744505753,-0.503228061104947,-0.4359457064925226,-0.4876921798343819,-0.5113128052515741,-0.6299216363445824,-0.47672132570598363,-0.5756763977015926,-0.7189921704978554,-0.38054077794862695,-0.40416141801579575,-0.494833902314892,-0.47709253117942974,-0.39256819872844384,-0.47756603432219175,-0.40959824452386856,2
-0.529748220087385,-0.36880162614260537,-0.4679214274067316,-0.4805948056394126,-0.6270061088712032,-0.47130441456982913,-0.5831954917494451,-0.5638282726528494,-0.5815375628316122,-0.6066234931899226,-0.2875228596983038,-0.36686609380115964,-0.3079632497855739,-0.6222895019555564,-0.49287462500891077,-0.6293507625204096,-0.5695694877197064,-0.5918126983416575,-0.37604159935584386,-0.539622967810176,-0.3931620666305984,-0.4395879110411482,-0.2696361247895211,-0.6479444223139724,-0.3740766760213201,-0.3853559129599272,-0.5973378838027035,-0.39928666635268406,-0.46638550369737714,-0.5227476259953407,-0.5823935486972,-0.5719109451449186,-0.2950187904214074,-0.49993171810425174,-0.4217869998468541,-0.5790899381667554,-0.5779852946221639,-0.39180151907500577,-0.6349576211551532,-0.5415213767905271,-0.4965972588927768,-0.48886273981599476,2
-0.5179093285016156,-0.46041802189040765,-0.43071442441821883,-0.426536245454067,-0.5985803808667827,-0.5284155097928798,-0.3805237138123062,-0.41053528124261274,-0.6372859451481064,-0.4648520099647798,-0.697822524937481,-0.495306509793963,-0.3102232983254023,-0.5947892717268987,-0.5834323045491582,-0.423597021842714,-0.6542801515209646,-0.5632755029885039,-0.44035588624182476,-0.5634285847689403,-0.5235969987210971,-0.42558142896849654,-0.45784539164634386,-0.4733181603704598,-0.5339122279270039,-0.46299388847310446,-0.5123732680099756,-0.4542194390074215,-0.5496932025117979,-0.5182568974379541,-0.5989957792552014,-0.5035007610006236,-0.5811000863628845,-0.6114046450161993,-0.4741338852144612,-0.47872602241423395,-0.42171262650514274,-0.5431125569575099,-0.4591947153163244,-0.44492024277263365,-0.4555226192168405,-0.5825653682802142,2
-0.48506365177288113,-0.46358597039453386,-0.4992821533092058,-0.7086477658371084,-0.483951037602652,-0.2787468960602757,-0.5360039268756983,-0.5728077097855321,-0.46266514402886016,-0.4687621789533428,-0.3807264834583585,-0.6257868155908888,-0.42686197474250076,-0.4409577938748537,-0.5142146536940546,-0.466131268207831,-0.3970542518401643,-0.41276846199715495,-0.6143019312073729,-0.41798418132445153,-0.5064688605032518,-0.49271259019844854,-0.49268030089983056,-0.5150242988798259,-0.3808292502892935,-0.5083717959849212,-0.6119546128383169,-0.5393529855969729,-0.4821305283189524,-0.377078521570295,-0.4396905315051166,-0.5850535278747044,-0.25148100833211084,-0.47352246890220206,-0.3724609262000985,-0.5151714433577229,-0.4466640755294551,-0.41605314954815953,-0.3781805288245744,-0.3942631694621775,-0.4127802999927022,-0.5315086731194109,2
-0.5571746041956062,-0.46673924896758023,-0.40668719276589305,-0.5222720700776607,-0.39348280342856135,-0.35473832545138206,-0.591632091907342,-0.583692070379628,-0.5140375058905337,-0.4692387331810804,-0.5524567013767051,-0.3647797321132855,-0.4575933138481549,-0.49605529517592606,-0.6435909523868527,-0.6315815816427507,-0.4718990749718194,-0.7132595626154836,-0.39873625903559284,-0.5158153844372321,-0.17569070304052675,-0.269208374938389,-0.5181449069247517,-0.5106337002531315,-0.40044184859979703,-0.3296827390081962,-0.6638029057436017,-0.6786375465354687,-0.5622034805554381,-0.44172624168261354,-0.4503126409492403,-0.393022854501615,-0.6199697528365309,-0.7316143862968877,-0.41419858046978547,-0.5828196272965235,-0.7018487864388638,-0.4854936254040618,-0.42068243117813225,-0.5122057132121277,-0.5457848386182489,-0.5159362232145907,2
-0.5370582762400783,-0.6348047111940167,-0.5714680676990431,-0.44787200949861855,-0.46783214586235,-0.48319401940331796,-0.599514848185338,-0.5181503162135667,-0.7177065046442854,-0.48215233361146104,-0.3571142292186432,-0.6474132132042105,-0.5585927673317755,-0.467089322128987,-0.3747157365572516,-0.5448224616300149,-0.5692250329265897,-0.6968923142416084,-0.48965618706918934,-0.29579239598562557,-0.4722641538035324,-0.5022278979183713,-0.46779176892330143,-0.5011092003948602,-0.581301437226013,-0.41767200843222946,-0.47742384768882457,-0.49823867480663425,-0.597536602727825,-0.3696492068065241,-0.433529725466689,-0.5552920837367302,-0.39981751463180626,-0.5497570838385207,-0.5782003492511036,-0.5759703117480287,-0.6771068553088091,-0.45284576195817944,-0.683114487833835,-0.6228443831265763,-0.7075588009078533,-0.5086069692790893,2
